<?xml version="1.0" encoding="UTF-8" standalone="no"?>
<metadata><idinfo><citation><citeinfo><origin>United States Fish and Wildlife Service</origin><pubdate>20110523</pubdate><title Sync="TRUE">SevilletaNWR_Boundary</title><geoform Sync="TRUE">vector digital data</geoform><serinfo><sername>National Wildlife Refuge Boundary and Parcel Data</sername><issue>National geodatabase</issue></serinfo><pubinfo><pubplace>Arlington, VA</pubplace><publish>US Fish and Wildlife Service</publish></pubinfo><onlink>http://www.fws.gov/GIS/data/CadastralDB/FWS_Refuge_Boundaries.zip</onlink><ftname Sync="TRUE">SevilletaNWR_Boundary</ftname></citeinfo></citation><descript><abstract>This data layer depicts the simplified boundaries of the Sevilleta National Wildlife Refuge. The primary source for this information is the USFWS Realty program.</abstract><purpose>The intended application of this data layer is as a simplified extract from the USFWS cadastral framework for use with other data layers in GIS and mapping applications. It is specifically not intended to be used as a land survey or representation of land for conveyance or tax purposes.</purpose><langdata Sync="TRUE">en</langdata></descript><timeperd><timeinfo><sngdate><caldate>20110523</caldate></sngdate></timeinfo><current>publication date</current></timeperd><status><progress>Complete</progress><update>As needed</update></status><spdom><bounding><westbc Sync="TRUE">-107.089931</westbc><eastbc Sync="TRUE">-106.510005</eastbc><northbc Sync="TRUE">34.430357</northbc><southbc Sync="TRUE">34.183316</southbc></bounding><lboundng><leftbc Sync="TRUE">307943.282129</leftbc><rightbc Sync="TRUE">360862.438609</rightbc><bottombc Sync="TRUE">3784444.938480</bottombc><topbc Sync="TRUE">3810914.547266</topbc></lboundng></spdom><keywords><theme><themekt>ISO 19115 Topic Categories</themekt><themekey>boundaries</themekey><themekey>planningCadastre</themekey></theme><place><placekt>None</placekt><placekey>National Wildlife Refuge</placekey><placekey>United States</placekey><placekey>Sevilleta</placekey><placekey>Sevilleta National Wildlife Refuge</placekey></place></keywords><accconst>None</accconst><useconst>This data layer was compiled for use with natural resource mapping and GIS applications. It is inappropriate to use these data for legal purposes.</useconst><ptcontac><cntinfo><cntperp><cntper>USFWS Chief Cartographer</cntper><cntorg>US Fish and Wildlife Service</cntorg></cntperp><cntpos>Chief Cartographer</cntpos><cntaddr><addrtype>mailing and physical address</addrtype><address>US Fish and Wildlife Service, Division of Realty, 4401 N. Fairfax Drive, Room 622</address><city>Arlington</city><state>VA</state><postal>22203</postal></cntaddr><cntvoice>(703) 358-2404</cntvoice><cntfax>(703) 358-2223</cntfax><cntemail>CDWG@fws.gov</cntemail></cntinfo></ptcontac><native Sync="TRUE">Microsoft Windows XP Version 5.1 (Build 2600) Service Pack 3; ESRI ArcCatalog 9.3.0.1770</native><natvform Sync="TRUE">Shapefile</natvform></idinfo><dataqual><attracc><attraccr>Up to three levels of quality-control review are conducted with corrections being incorporated after each review until the dataset is deemed acceptable.</attraccr></attracc><logic>Polygons are closed and adjusted to the most accurate geographic features, usually on a USGS 7.5' topographic quad.</logic><complete>FWS_Refuge_Boundaries is a dynamic data layer, updates and revisions are ongoing.</complete><posacc><horizpa><horizpar>This data layer has been verified against USGS 1:24,000-scale and 1:63,360-scale Digital Raster Graphics (DRGs) or 1:12,000-scale Digital Orthophoto Quarter Quads (DOQQs) where available.  For some areas not covered by USGS, nautical charts from the National Oceanic and Atmospheric Administration are used.</horizpar></horizpa></posacc><lineage><srcinfo><srccite><citeinfo><origin>USFWS, National Wildlife Refuge System</origin><pubdate>Unknown</pubdate><title>NWR Status Map</title><geoform>map</geoform><serinfo><sername>National Wildlife Refuge Status Maps</sername><issue>All National Wildlife Refuges</issue></serinfo><pubinfo><pubplace>Arlington, VA</pubplace><publish>US Fish and Wildlife Service</publish></pubinfo><onlink>http://www.fws.gov/data/Cadastral.htm</onlink></citeinfo></srccite><typesrc>mylar maps, paper maps, aerial photographs</typesrc><srctime><timeinfo><sngdate><caldate>unknown</caldate></sngdate></timeinfo><srccurr>publication date</srccurr></srctime><srccitea>RE status map</srccitea><srccontr>Spatial and attribute information</srccontr></srcinfo><srcinfo><srccite><citeinfo><origin>USFWS, National Wildlife Refuge System</origin><pubdate>20110523</pubdate><title>United States Fish and Wildlife Service Cadastral Geodatabase</title><geoform>Geodatabase</geoform><pubinfo><pubplace>Arlington, VA</pubplace><publish>US Fish and Wildlife Service</publish></pubinfo><onlink>http://www.fws.gov/GIS/data/CadastralDB/index.htm</onlink></citeinfo></srccite><typesrc>mylar maps, paper maps, aerial photographs</typesrc><srctime><timeinfo><sngdate><caldate>unknown</caldate></sngdate></timeinfo><srccurr>publication date</srccurr></srctime><srccitea>FWSInterest</srccitea><srccontr>Spatial and attribute information</srccontr></srcinfo><procstep><procdesc>Processes vary by region.</procdesc><srcused>RE status map</srcused><procdate>Unknown</procdate></procstep><procstep><procdesc Sync="TRUE">Wildlife Refuges were queried from the U.S. Fish and Wildlife Service Cadastral Data Geodatabase using the terms ((INTTYPE1 = ‘O’ or INTTYPE1 = ‘S’) and (RSL_TYPE = ‘NWR’)). The resultant polygons were then dissolved using Orgname and Region as the dissolve fields, and a resolution of  0.000000009 Decimal Degree and a tolerance of 0.000005 Decimal Degree. The data was then projected to Eckart IV World Projection (true area) to calculate Area_m2 and Perimeter fields.</procdesc><srcused Sync="TRUE">FWSInterest.</srcused><procdate Sync="TRUE">20110519</procdate></procstep><procstep><procdesc Sync="TRUE">Metadata imported.</procdesc><srcused Sync="TRUE">D:\GIS_GPS\NorthAmerica\FWS\FWS_Refuge_Boundaries.xml</srcused><procdate Sync="TRUE">20110913</procdate><proctime Sync="TRUE">14321200</proctime></procstep><procstep><procdesc Sync="TRUE">Dataset copied.</procdesc><srcused Sync="TRUE"></srcused><procdate Sync="TRUE">20110913</procdate><proctime Sync="TRUE">14343900</proctime></procstep></lineage></dataqual><spdoinfo><direct Sync="TRUE">Vector</direct><ptvctinf><sdtsterm Name="SevilletaNWR_Boundary"><sdtstype Sync="TRUE">G-polygon</sdtstype><ptvctcnt Sync="TRUE">1</ptvctcnt></sdtsterm><esriterm Name="SevilletaNWR_Boundary"><efeatyp Sync="TRUE">Simple</efeatyp><efeageom Sync="TRUE">Polygon</efeageom><esritopo Sync="TRUE">FALSE</esritopo><efeacnt Sync="TRUE">1</efeacnt><spindex Sync="TRUE">FALSE</spindex><linrefer Sync="TRUE">FALSE</linrefer></esriterm></ptvctinf></spdoinfo><spref><horizsys><geodetic><horizdn Sync="TRUE">North American Datum of 1983</horizdn><ellips Sync="TRUE">Geodetic Reference System 80</ellips><semiaxis Sync="TRUE">6378137.000000</semiaxis><denflat Sync="TRUE">298.257222</denflat></geodetic><cordsysn><geogcsn Sync="TRUE">GCS_North_American_1983</geogcsn><projcsn Sync="TRUE">NAD_1983_UTM_Zone_13N</projcsn></cordsysn><planar><planci><plance Sync="TRUE">coordinate pair</plance><plandu Sync="TRUE">meters</plandu><coordrep><absres Sync="TRUE">0.000000</absres><ordres Sync="TRUE">0.000000</ordres></coordrep></planci><gridsys><gridsysn Sync="TRUE">Universal Transverse Mercator</gridsysn><utm><utmzone Sync="TRUE">13</utmzone><transmer><sfctrmer Sync="TRUE">0.999600</sfctrmer><longcm Sync="TRUE">-105.000000</longcm><latprjo Sync="TRUE">0.000000</latprjo><feast Sync="TRUE">500000.000000</feast><fnorth Sync="TRUE">0.000000</fnorth></transmer></utm></gridsys></planar></horizsys></spref><eainfo><detailed Name="SevilletaNWR_Boundary"><enttyp><enttypl Sync="TRUE">SevilletaNWR_Boundary</enttypl><enttypd>US Fish &amp; Wildlife Service Interest - Nature of land ownership relative to the National Wildlife Refuge System.</enttypd><enttypds>USFWS Division of Realty</enttypds><enttypt Sync="TRUE">Feature Class</enttypt><enttypc Sync="TRUE">1</enttypc></enttyp><attr><attrlabl Sync="TRUE">FID</attrlabl><attalias Sync="TRUE">FID</attalias><attrtype Sync="TRUE">OID</attrtype><attwidth Sync="TRUE">4</attwidth><atprecis Sync="TRUE">0</atprecis><attscale Sync="TRUE">0</attscale><attrdef Sync="TRUE">Internal feature number.</attrdef><attrdefs Sync="TRUE">ESRI</attrdefs><attrdomv><udom Sync="TRUE">Sequential unique whole numbers that are automatically generated.</udom></attrdomv></attr><attr><attrlabl>Shape</attrlabl><attrdef>Feature geometry.</attrdef><attrdefs>ESRI</attrdefs><attrdomv><udom>Coordinates defining the features.</udom></attrdomv><attalias Sync="TRUE">Shape</attalias><attrtype Sync="TRUE">Geometry</attrtype><attwidth Sync="TRUE">0</attwidth><atprecis Sync="TRUE">0</atprecis><attscale Sync="TRUE">0</attscale></attr><attr><attrlabl>ORGNAME</attrlabl><attrdef>Organization Name - Official name given to a Service organization that has been assigned an official five-digit numeric organization code by the Washington Office, Division of Financial Management</attrdef><attrdefs>USFWS Data Element Standard for Organization Name</attrdefs><attrdomv><udom>Master List of Official Names for FWS Wildlife Refuges</udom></attrdomv><attalias Sync="TRUE">ORGNAME</attalias><attrtype Sync="TRUE">String</attrtype><attwidth Sync="TRUE">75</attwidth></attr><attr><attrlabl>FWSREGION</attrlabl><attrdef>FWS Region -  Regional offices within the Service that have responsibility for program and/or administrative activities within a geographically-defined area</attrdef><attrdefs>USFWS Division of Realty</attrdefs><attrdomv><edom><edomv>Pacific Region or "1"</edomv><edomvd>Pacific Region, Region 1</edomvd><edomvds>USFWS Division of Realty</edomvds></edom></attrdomv><attrdomv><edom><edomv>Southwest or "2"</edomv><edomvd>Southwest Region, Region 2</edomvd><edomvds>USFWS Division of Realty</edomvds></edom></attrdomv><attrdomv><edom><edomv>Great Lakes - Big Rivers Region or "3"</edomv><edomvd>Great Lakes - Big Rivers Region, Region 3</edomvd><edomvds>USFWS Division of Realty</edomvds></edom></attrdomv><attrdomv><edom><edomv>Southeast Region or "4"</edomv><edomvd>Southeast Region, Region 4</edomvd><edomvds>USFWS Division of Realty</edomvds></edom></attrdomv><attrdomv><edom><edomv>Northeast Region or "5"</edomv><edomvd>Northeast Region, Region 5</edomvd><edomvds>USFWS Division of Realty</edomvds></edom></attrdomv><attrdomv><edom><edomv>Mountain - Prairie Region or "6"</edomv><edomvd>Mountain - Prairie Region, Region 6</edomvd><edomvds>USFWS Division of Realty</edomvds></edom></attrdomv><attrdomv><edom><edomv>Alaska Region or "7"</edomv><edomvd>Alaska Region, Region 7</edomvd><edomvds>USFWS Division of Realty</edomvds></edom></attrdomv><attrdomv><edom><edomv>Pacific Southwest Region or "8"</edomv><edomvd>Pacific Southwest Region (California and Nevada), Region 8</edomvd><edomvds>USFWS Division of Realty</edomvds></edom></attrdomv><attalias Sync="TRUE">FWSREGION</attalias><attrtype Sync="TRUE">String</attrtype><attwidth Sync="TRUE">1</attwidth></attr><attr><attrlabl Sync="TRUE">Area_m2</attrlabl><attalias Sync="TRUE">Area_m2</attalias><attrtype Sync="TRUE">Number</attrtype><attwidth Sync="TRUE">19</attwidth><atnumdec Sync="TRUE">12</atnumdec></attr><attr><attrlabl>Perimeter</attrlabl><attrdef>Perimeter of Wildlife Refuge in meters.</attrdef><attrdefs>U.S. Fish and Wildlife Service</attrdefs><attrdomv><udom>Calculated Perimeter in meters.</udom></attrdomv><attalias Sync="TRUE">Perimeter</attalias><attrtype Sync="TRUE">Number</attrtype><attwidth Sync="TRUE">13</attwidth><atnumdec Sync="TRUE">11</atnumdec></attr></detailed></eainfo><distinfo><distrib><cntinfo><cntperp><cntorg>US Fish and Wildlife Service</cntorg></cntperp><cntpos>National GIS Coordinator</cntpos><cntaddr><addrtype>mailing address</addrtype><address>U. S. Fish and Wildlife Service</address><address>IRTM - BCT</address><address>PO Box 25207 - DFC.</address><city>Denver</city><state>Colorado</state><postal>80225-0207</postal><country>USA</country></cntaddr><cntvoice>303-274-2348</cntvoice><cntemail>Chris_Lett@fws.gov</cntemail></cntinfo></distrib><resdesc>USFWS Simplified Wildlife Refuge Boundaries</resdesc><distliab>Although these data and information have been processed successfully on a computer system at the USFWS, no warranty expressed or implied is made regarding the accuracy or utility of the data and information on any other system or for general or scientific purposes, nor shall the act of distribution constitute any such warranty.  This disclaimer applies both to individual use of the data, and information, and aggregate use with other data and information.  It is also strongly recommended that careful attention be paid to the contents of the metadata file associated with these data and information.  The USFWS shall not be held liable for improper or incorrect use of the data and information described and/or contained herein.</distliab><stdorder><digform><digtinfo><formname>Shapefile</formname><filedec>Zip protocol</filedec><transize>44.459</transize><dssize Sync="TRUE">0.006</dssize></digtinfo><digtopt><onlinopt><computer><networka><networkr>http://www.fws.gov/GIS/data/CadastralDB/FWS_Refuge_Boundaries.zip</networkr></networka></computer><oncomp>http://www.fws.gov/GIS/data/CadastralDB/index.htm</oncomp></onlinopt></digtopt></digform><fees>None</fees></stdorder><availabl><timeinfo><sngdate><caldate>20110523</caldate></sngdate></timeinfo></availabl></distinfo><metainfo><metd Sync="TRUE">20111207</metd><metc><cntinfo><cntperp><cntorg>US Fish and Wildlife Service</cntorg></cntperp><cntpos>National GIS Coordinator</cntpos><cntaddr><addrtype>mailing address</addrtype><address>U. S. Fish and Wildlife Service</address><address>IRTM - BCT</address><address>PO Box 25207 - DFC.</address><city>Denver</city><state>Colorado</state><postal>80225-0207</postal><country>USA</country></cntaddr><cntvoice>303-274-2348</cntvoice><cntemail>Chris_Lett@fws.gov</cntemail></cntinfo></metc><metstdn Sync="TRUE">FGDC Content Standards for Digital Geospatial Metadata</metstdn><metstdv Sync="TRUE">FGDC-STD-001-1998</metstdv><mettc Sync="TRUE">local time</mettc><metac>None</metac><metuc>None</metuc><langmeta Sync="TRUE">en</langmeta><metextns><onlink Sync="TRUE">http://www.esri.com/metadata/esriprof80.html</onlink><metprof Sync="TRUE">ESRI Metadata Profile</metprof></metextns></metainfo><Esri><CreaDate>20110913</CreaDate><CreaTime>14343900</CreaTime><SyncOnce>FALSE</SyncOnce><ArcGISFormat>1.0</ArcGISFormat><ArcGISstyle>FGDC CSDGM Metadata</ArcGISstyle><DataProperties><itemProps><itemLocation><linkage Sync="TRUE">http://www.fws.gov/GIS/data/CadastralDB/FWS_Refuge_Boundaries.zip</linkage><protocol Sync="TRUE">World Wide Web</protocol></itemLocation><itemName Sync="TRUE">FWS_Refuge_Boundaries</itemName><imsContentType Sync="TRUE">002</imsContentType><nativeExtBox><westBL Sync="TRUE">-177.650727</westBL><eastBL Sync="TRUE">166.869443</eastBL><southBL Sync="TRUE">-14.559753</southBL><northBL Sync="TRUE">48.999618</northBL><exTypeCode Sync="TRUE">1</exTypeCode></nativeExtBox><itemSize Sync="TRUE">44.459</itemSize></itemProps><coordRef><type Sync="TRUE">Geographic</type><geogcsn Sync="TRUE">GCS_North_American_1983</geogcsn><peXml Sync="TRUE">&lt;GeographicCoordinateSystem xsi:type='typens:GeographicCoordinateSystem' xmlns:xsi='http://www.w3.org/2001/XMLSchema-instance' xmlns:xs='http://www.w3.org/2001/XMLSchema' xmlns:typens='http://www.esri.com/schemas/ArcGIS/10.0'&gt;&lt;WKT&gt;GEOGCS[&amp;quot;GCS_North_American_1983&amp;quot;,DATUM[&amp;quot;D_North_American_1983&amp;quot;,SPHEROID[&amp;quot;GRS_1980&amp;quot;,6378137.0,298.257222101]],PRIMEM[&amp;quot;Greenwich&amp;quot;,0.0],UNIT[&amp;quot;Degree&amp;quot;,0.0174532925199433],AUTHORITY[&amp;quot;EPSG&amp;quot;,4269]]&lt;/WKT&gt;&lt;XOrigin&gt;-399.99999999999989&lt;/XOrigin&gt;&lt;YOrigin&gt;-399.99999999999989&lt;/YOrigin&gt;&lt;XYScale&gt;11258999068426.24&lt;/XYScale&gt;&lt;ZOrigin&gt;-100000&lt;/ZOrigin&gt;&lt;ZScale&gt;10000&lt;/ZScale&gt;&lt;MOrigin&gt;-100000&lt;/MOrigin&gt;&lt;MScale&gt;10000&lt;/MScale&gt;&lt;XYTolerance&gt;8.9831528411952117e-009&lt;/XYTolerance&gt;&lt;ZTolerance&gt;0.001&lt;/ZTolerance&gt;&lt;MTolerance&gt;0.001&lt;/MTolerance&gt;&lt;HighPrecision&gt;true&lt;/HighPrecision&gt;&lt;LeftLongitude&gt;-180&lt;/LeftLongitude&gt;&lt;WKID&gt;4269&lt;/WKID&gt;&lt;/GeographicCoordinateSystem&gt;</peXml></coordRef></DataProperties><SyncDate>20111207</SyncDate><SyncTime>14165600</SyncTime><ModDate>20111207</ModDate><ModTime>14165600</ModTime><MetaID>{C686BE54-444A-41FB-93FD-30569C115FB0}</MetaID></Esri><dataIdInfo><envirDesc Sync="TRUE">Microsoft Windows XP Version 5.1 (Build 2600) Service Pack 3; ESRI ArcCatalog 9.3.0.1770</envirDesc><dataLang><languageCode Sync="TRUE" value="en"></languageCode></dataLang><idCitation><resTitle Sync="TRUE">SevilletaNWR_Boundary</resTitle><presForm><PresFormCd Sync="TRUE" value="005"></PresFormCd></presForm></idCitation><spatRpType><SpatRepTypCd Sync="TRUE" value="001"></SpatRepTypCd></spatRpType><dataExt><geoEle><GeoBndBox esriExtentType="native"><westBL Sync="TRUE">307943.282129</westBL><eastBL Sync="TRUE">360862.438609</eastBL><northBL Sync="TRUE">3810914.547266</northBL><southBL Sync="TRUE">3784444.93848</southBL><exTypeCode Sync="TRUE">1</exTypeCode></GeoBndBox></geoEle></dataExt><geoBox esriExtentType="decdegrees"><westBL Sync="TRUE">-107.089931</westBL><eastBL Sync="TRUE">-106.510005</eastBL><northBL Sync="TRUE">34.430357</northBL><southBL Sync="TRUE">34.183316</southBL><exTypeCode Sync="TRUE">1</exTypeCode></geoBox></dataIdInfo><mdLang><languageCode Sync="TRUE" value="en"></languageCode></mdLang><mdStanName Sync="TRUE">ISO 19115 Geographic Information - Metadata</mdStanName><mdStanVer Sync="TRUE">DIS_ESRI1.0</mdStanVer><mdChar><CharSetCd Sync="TRUE" value="004"></CharSetCd></mdChar><mdHrLv><ScopeCd Sync="TRUE" value="005"></ScopeCd></mdHrLv><mdHrLvName Sync="TRUE">dataset</mdHrLvName><distInfo><distributor><distorTran><onLineSrc><orDesc Sync="TRUE">002</orDesc><linkage Sync="TRUE">file://\\VEGUITA\D$\GIS_GPS\a_sevlter_gdb_content_prep\Boundaries\SevilletaNWR_Boundary.shp</linkage><protocol Sync="TRUE">Local Area Network</protocol></onLineSrc><transSize Sync="TRUE">0.006</transSize></distorTran><distorFormat><formatName Sync="TRUE">Shapefile</formatName></distorFormat></distributor></distInfo><refSysInfo><RefSystem><refSysID><identCode Sync="TRUE">NAD_1983_UTM_Zone_13N</identCode></refSysID></RefSystem></refSysInfo><spatRepInfo><VectSpatRep><topLvl><TopoLevCd Sync="TRUE" value="001"></TopoLevCd></topLvl><geometObjs Name="SevilletaNWR_Boundary"><geoObjTyp><GeoObjTypCd Sync="TRUE" value="001"></GeoObjTypCd></geoObjTyp><geoObjCnt Sync="TRUE">1</geoObjCnt></geometObjs></VectSpatRep></spatRepInfo><mdDateSt Sync="TRUE">20111207</mdDateSt></metadata>
